"","uid","ext_int","spec_glob","valence","block"
"1","subCALEARN_1",20,29,"neg","block0"
"2","subCALEARN_1",89,61,"pos","block0"
"3","subCALEARN_1",15,16,"neg","block1"
"4","subCALEARN_1",92,92,"pos","block1"
"5","subCALEARN_1",24,35,"neg","block2"
"6","subCALEARN_1",90,88,"pos","block2"
"7","subCALEARN_1",13,14,"neg","block3"
"8","subCALEARN_1",91,91,"pos","block3"
"9","subCALEARN_2",54,33,"neg","block0"
"10","subCALEARN_2",54,40,"pos","block0"
"11","subCALEARN_2",44,81,"neg","block1"
"12","subCALEARN_2",66,63,"pos","block1"
"13","subCALEARN_2",26,25,"neg","block2"
"14","subCALEARN_2",85,41,"pos","block2"
"15","subCALEARN_2",13,21,"neg","block3"
"16","subCALEARN_2",77,76,"pos","block3"
"17","subCALEARN_3",44,47,"neg","block0"
"18","subCALEARN_3",34,44,"pos","block0"
"19","subCALEARN_3",41,38,"neg","block1"
"20","subCALEARN_3",37,39,"pos","block1"
"21","subCALEARN_3",32,38,"neg","block2"
"22","subCALEARN_3",74,68,"pos","block2"
"23","subCALEARN_3",26,32,"neg","block3"
"24","subCALEARN_3",78,64,"pos","block3"
"25","subCALEARN_4",6,7,"neg","block0"
"26","subCALEARN_4",88,85,"pos","block0"
"27","subCALEARN_4",54,4,"neg","block1"
"28","subCALEARN_4",77,82,"pos","block1"
"29","subCALEARN_4",26,3,"neg","block2"
"30","subCALEARN_4",93,100,"pos","block2"
"31","subCALEARN_4",15,9,"neg","block3"
"32","subCALEARN_4",90,91,"pos","block3"
"33","subCALEARN_5",44,23,"neg","block0"
"34","subCALEARN_5",50,50,"pos","block0"
"35","subCALEARN_5",83,9,"neg","block1"
"36","subCALEARN_5",84,85,"pos","block1"
"37","subCALEARN_5",14,14,"neg","block2"
"38","subCALEARN_5",80,81,"pos","block2"
"39","subCALEARN_5",12,13,"neg","block3"
"40","subCALEARN_5",89,88,"pos","block3"
"41","subCALEARN_6",0,100,"neg","block0"
"42","subCALEARN_6",100,0,"pos","block0"
"43","subCALEARN_6",97,3,"neg","block1"
"44","subCALEARN_6",100,100,"pos","block1"
"45","subCALEARN_6",0,100,"neg","block2"
"46","subCALEARN_6",100,100,"pos","block2"
"47","subCALEARN_6",0,0,"neg","block3"
"48","subCALEARN_6",100,100,"pos","block3"
"49","subCALEARN_7",66,60,"neg","block0"
"50","subCALEARN_7",0,27,"pos","block0"
"51","subCALEARN_7",39,38,"neg","block1"
"52","subCALEARN_7",59,61,"pos","block1"
"53","subCALEARN_7",10,11,"neg","block2"
"54","subCALEARN_7",100,18,"pos","block2"
"55","subCALEARN_7",27,36,"neg","block3"
"56","subCALEARN_7",98,77,"pos","block3"
"57","subCALEARN_8",26,34,"neg","block0"
"58","subCALEARN_8",100,6,"pos","block0"
"59","subCALEARN_8",6,6,"neg","block1"
"60","subCALEARN_8",100,70,"pos","block1"
"61","subCALEARN_8",17,26,"neg","block2"
"62","subCALEARN_8",100,79,"pos","block2"
"63","subCALEARN_8",7,12,"neg","block3"
"64","subCALEARN_8",100,96,"pos","block3"
"65","subCALEARN_9",79,32,"neg","block0"
"66","subCALEARN_9",90,83,"pos","block0"
"67","subCALEARN_9",83,85,"neg","block1"
"68","subCALEARN_9",84,84,"pos","block1"
"69","subCALEARN_9",80,81,"neg","block2"
"70","subCALEARN_9",81,79,"pos","block2"
"71","subCALEARN_9",58,64,"neg","block3"
"72","subCALEARN_9",65,63,"pos","block3"
"73","subCALEARN_10",36,0,"neg","block0"
"74","subCALEARN_10",37,9,"pos","block0"
"75","subCALEARN_10",61,0,"neg","block1"
"76","subCALEARN_10",100,80,"pos","block1"
"77","subCALEARN_10",61,0,"neg","block2"
"78","subCALEARN_10",100,100,"pos","block2"
"79","subCALEARN_10",13,11,"neg","block3"
"80","subCALEARN_10",99,76,"pos","block3"
"81","subCALEARN_11",16,27,"neg","block0"
"82","subCALEARN_11",85,91,"pos","block0"
"83","subCALEARN_11",26,31,"neg","block1"
"84","subCALEARN_11",74,65,"pos","block1"
"85","subCALEARN_11",6,12,"neg","block2"
"86","subCALEARN_11",91,61,"pos","block2"
"87","subCALEARN_11",2,9,"neg","block3"
"88","subCALEARN_11",96,59,"pos","block3"
"89","subCALEARN_12",62,27,"neg","block0"
"90","subCALEARN_12",60,62,"pos","block0"
"91","subCALEARN_12",16,67,"neg","block1"
"92","subCALEARN_12",76,74,"pos","block1"
"93","subCALEARN_12",8,11,"neg","block2"
"94","subCALEARN_12",100,77,"pos","block2"
"95","subCALEARN_12",18,59,"neg","block3"
"96","subCALEARN_12",100,100,"pos","block3"
"97","subCALEARN_13",43,37,"neg","block0"
"98","subCALEARN_13",62,22,"pos","block0"
"99","subCALEARN_13",1,3,"neg","block1"
"100","subCALEARN_13",99,97,"pos","block1"
"101","subCALEARN_13",39,4,"neg","block2"
"102","subCALEARN_13",91,88,"pos","block2"
"103","subCALEARN_13",39,2,"neg","block3"
"104","subCALEARN_13",100,100,"pos","block3"
"105","subCALEARN_14",0,100,"neg","block0"
"106","subCALEARN_14",100,0,"pos","block0"
"107","subCALEARN_14",88,9,"neg","block1"
"108","subCALEARN_14",91,75,"pos","block1"
"109","subCALEARN_14",0,55,"neg","block2"
"110","subCALEARN_14",100,51,"pos","block2"
"111","subCALEARN_14",0,0,"neg","block3"
"112","subCALEARN_14",100,65,"pos","block3"
"113","subCALEARN_15",0,100,"neg","block0"
"114","subCALEARN_15",100,0,"pos","block0"
"115","subCALEARN_15",100,100,"neg","block1"
"116","subCALEARN_15",100,0,"pos","block1"
"117","subCALEARN_15",0,100,"neg","block2"
"118","subCALEARN_15",100,100,"pos","block2"
"119","subCALEARN_15",0,0,"neg","block3"
"120","subCALEARN_15",100,100,"pos","block3"
"121","subCALEARN_16",0,100,"neg","block0"
"122","subCALEARN_16",100,0,"pos","block0"
"123","subCALEARN_16",100,0,"neg","block1"
"124","subCALEARN_16",100,100,"pos","block1"
"125","subCALEARN_16",0,83,"neg","block2"
"126","subCALEARN_16",100,72,"pos","block2"
"127","subCALEARN_16",0,0,"neg","block3"
"128","subCALEARN_16",100,100,"pos","block3"
"129","subCALEARN_17",0,100,"neg","block0"
"130","subCALEARN_17",100,0,"pos","block0"
"131","subCALEARN_17",100,0,"neg","block1"
"132","subCALEARN_17",100,100,"pos","block1"
"133","subCALEARN_17",0,100,"neg","block2"
"134","subCALEARN_17",100,62,"pos","block2"
"135","subCALEARN_17",0,0,"neg","block3"
"136","subCALEARN_17",100,96,"pos","block3"
"137","subCALEARN_18",60,20,"neg","block0"
"138","subCALEARN_18",7,11,"pos","block0"
"139","subCALEARN_18",10,9,"neg","block1"
"140","subCALEARN_18",90,89,"pos","block1"
"141","subCALEARN_18",2,1,"neg","block2"
"142","subCALEARN_18",95,91,"pos","block2"
"143","subCALEARN_18",0,0,"neg","block3"
"144","subCALEARN_18",100,100,"pos","block3"
"145","subCALEARN_19",88,70,"neg","block0"
"146","subCALEARN_19",65,37,"pos","block0"
"147","subCALEARN_19",97,93,"neg","block1"
"148","subCALEARN_19",100,22,"pos","block1"
"149","subCALEARN_19",5,11,"neg","block2"
"150","subCALEARN_19",98,96,"pos","block2"
"151","subCALEARN_19",3,3,"neg","block3"
"152","subCALEARN_19",99,97,"pos","block3"
"153","subCALEARN_20",46,38,"neg","block0"
"154","subCALEARN_20",59,41,"pos","block0"
"155","subCALEARN_20",55,58,"neg","block1"
"156","subCALEARN_20",60,59,"pos","block1"
"157","subCALEARN_20",57,63,"neg","block2"
"158","subCALEARN_20",44,58,"pos","block2"
"159","subCALEARN_20",53,59,"neg","block3"
"160","subCALEARN_20",45,43,"pos","block3"
"161","subCALEARN_21",42,60,"neg","block0"
"162","subCALEARN_21",43,32,"pos","block0"
"163","subCALEARN_21",27,78,"neg","block1"
"164","subCALEARN_21",73,67,"pos","block1"
"165","subCALEARN_21",23,17,"neg","block2"
"166","subCALEARN_21",78,80,"pos","block2"
"167","subCALEARN_21",18,21,"neg","block3"
"168","subCALEARN_21",84,76,"pos","block3"
"169","subCALEARN_22",73,9,"neg","block0"
"170","subCALEARN_22",41,6,"pos","block0"
"171","subCALEARN_22",75,35,"neg","block1"
"172","subCALEARN_22",23,35,"pos","block1"
"173","subCALEARN_22",16,32,"neg","block2"
"174","subCALEARN_22",33,12,"pos","block2"
"175","subCALEARN_22",17,20,"neg","block3"
"176","subCALEARN_22",21,32,"pos","block3"
"177","subCALEARN_23",68,38,"neg","block0"
"178","subCALEARN_23",27,28,"pos","block0"
"179","subCALEARN_23",30,28,"neg","block1"
"180","subCALEARN_23",65,72,"pos","block1"
"181","subCALEARN_23",33,21,"neg","block2"
"182","subCALEARN_23",78,76,"pos","block2"
"183","subCALEARN_23",25,16,"neg","block3"
"184","subCALEARN_23",80,88,"pos","block3"
"185","subCALEARN_24",20,12,"neg","block0"
"186","subCALEARN_24",88,68,"pos","block0"
"187","subCALEARN_24",32,17,"neg","block1"
"188","subCALEARN_24",78,61,"pos","block1"
"189","subCALEARN_24",24,27,"neg","block2"
"190","subCALEARN_24",89,79,"pos","block2"
"191","subCALEARN_24",21,11,"neg","block3"
"192","subCALEARN_24",93,57,"pos","block3"
"193","subCALEARN_25",0,100,"neg","block0"
"194","subCALEARN_25",100,26,"pos","block0"
"195","subCALEARN_25",9,17,"neg","block1"
"196","subCALEARN_25",100,95,"pos","block1"
"197","subCALEARN_25",8,10,"neg","block2"
"198","subCALEARN_25",100,78,"pos","block2"
"199","subCALEARN_25",17,89,"neg","block3"
"200","subCALEARN_25",100,13,"pos","block3"
"201","subCALEARN_26",0,100,"neg","block0"
"202","subCALEARN_26",100,0,"pos","block0"
"203","subCALEARN_26",78,21,"neg","block1"
"204","subCALEARN_26",77,54,"pos","block1"
"205","subCALEARN_26",18,31,"neg","block2"
"206","subCALEARN_26",100,15,"pos","block2"
"207","subCALEARN_26",0,14,"neg","block3"
"208","subCALEARN_26",93,57,"pos","block3"
"209","subCALEARN_27",67,43,"neg","block0"
"210","subCALEARN_27",32,58,"pos","block0"
"211","subCALEARN_27",50,56,"neg","block1"
"212","subCALEARN_27",34,50,"pos","block1"
"213","subCALEARN_27",48,42,"neg","block2"
"214","subCALEARN_27",15,40,"pos","block2"
"215","subCALEARN_27",41,50,"neg","block3"
"216","subCALEARN_27",24,45,"pos","block3"
"217","subCALEARN_28",69,36,"neg","block0"
"218","subCALEARN_28",63,29,"pos","block0"
"219","subCALEARN_28",73,30,"neg","block1"
"220","subCALEARN_28",72,25,"pos","block1"
"221","subCALEARN_28",73,31,"neg","block2"
"222","subCALEARN_28",79,23,"pos","block2"
"223","subCALEARN_28",76,21,"neg","block3"
"224","subCALEARN_28",77,24,"pos","block3"
"225","subCALEARN_29",81,89,"neg","block0"
"226","subCALEARN_29",84,15,"pos","block0"
"227","subCALEARN_29",26,85,"neg","block1"
"228","subCALEARN_29",49,55,"pos","block1"
"229","subCALEARN_29",32,69,"neg","block2"
"230","subCALEARN_29",60,63,"pos","block2"
"231","subCALEARN_29",36,72,"neg","block3"
"232","subCALEARN_29",57,43,"pos","block3"
"233","subCALEARN_30",0,100,"neg","block0"
"234","subCALEARN_30",100,0,"pos","block0"
"235","subCALEARN_30",100,0,"neg","block1"
"236","subCALEARN_30",0,100,"pos","block1"
"237","subCALEARN_30",0,100,"neg","block2"
"238","subCALEARN_30",100,100,"pos","block2"
"239","subCALEARN_30",0,0,"neg","block3"
"240","subCALEARN_30",100,100,"pos","block3"
"241","subCALEARN_31",38,23,"neg","block0"
"242","subCALEARN_31",45,54,"pos","block0"
"243","subCALEARN_31",72,4,"neg","block1"
"244","subCALEARN_31",89,62,"pos","block1"
"245","subCALEARN_31",25,24,"neg","block2"
"246","subCALEARN_31",89,84,"pos","block2"
"247","subCALEARN_31",21,21,"neg","block3"
"248","subCALEARN_31",89,55,"pos","block3"
"249","subCALEARN_32",0,100,"neg","block0"
"250","subCALEARN_32",100,0,"pos","block0"
"251","subCALEARN_32",100,0,"neg","block1"
"252","subCALEARN_32",100,100,"pos","block1"
"253","subCALEARN_32",0,50,"neg","block2"
"254","subCALEARN_32",100,50,"pos","block2"
"255","subCALEARN_32",0,0,"neg","block3"
"256","subCALEARN_32",100,100,"pos","block3"
"257","subCALEARN_33",12,29,"neg","block0"
"258","subCALEARN_33",83,46,"pos","block0"
"259","subCALEARN_33",51,33,"neg","block1"
"260","subCALEARN_33",36,65,"pos","block1"
"261","subCALEARN_33",64,38,"neg","block2"
"262","subCALEARN_33",28,68,"pos","block2"
"263","subCALEARN_33",37,60,"neg","block3"
"264","subCALEARN_33",67,40,"pos","block3"
"265","subCALEARN_34",27,15,"neg","block0"
"266","subCALEARN_34",38,36,"pos","block0"
"267","subCALEARN_34",31,19,"neg","block1"
"268","subCALEARN_34",46,32,"pos","block1"
"269","subCALEARN_34",34,28,"neg","block2"
"270","subCALEARN_34",44,27,"pos","block2"
"271","subCALEARN_34",35,30,"neg","block3"
"272","subCALEARN_34",39,29,"pos","block3"
"273","subCALEARN_35",0,0,"neg","block0"
"274","subCALEARN_35",66,7,"pos","block0"
"275","subCALEARN_35",18,0,"neg","block1"
"276","subCALEARN_35",100,83,"pos","block1"
"277","subCALEARN_35",0,23,"neg","block2"
"278","subCALEARN_35",100,80,"pos","block2"
"279","subCALEARN_35",0,0,"neg","block3"
"280","subCALEARN_35",100,100,"pos","block3"
"281","subCALEARN_36",50,100,"neg","block0"
"282","subCALEARN_36",100,0,"pos","block0"
"283","subCALEARN_36",100,50,"neg","block1"
"284","subCALEARN_36",100,19,"pos","block1"
"285","subCALEARN_36",0,100,"neg","block2"
"286","subCALEARN_36",100,100,"pos","block2"
"287","subCALEARN_36",7,0,"neg","block3"
"288","subCALEARN_36",100,100,"pos","block3"
"289","subCALEARN_37",0,100,"neg","block0"
"290","subCALEARN_37",100,0,"pos","block0"
"291","subCALEARN_37",100,0,"neg","block1"
"292","subCALEARN_37",100,95,"pos","block1"
"293","subCALEARN_37",0,63,"neg","block2"
"294","subCALEARN_37",100,82,"pos","block2"
"295","subCALEARN_37",0,0,"neg","block3"
"296","subCALEARN_37",100,100,"pos","block3"
"297","subCALEARN_38",0,100,"neg","block0"
"298","subCALEARN_38",100,0,"pos","block0"
"299","subCALEARN_38",100,0,"neg","block1"
"300","subCALEARN_38",59,100,"pos","block1"
"301","subCALEARN_38",0,50,"neg","block2"
"302","subCALEARN_38",100,50,"pos","block2"
"303","subCALEARN_38",50,0,"neg","block3"
"304","subCALEARN_38",50,100,"pos","block3"
"305","subCALEARN_39",49,36,"neg","block0"
"306","subCALEARN_39",49,37,"pos","block0"
"307","subCALEARN_39",37,31,"neg","block1"
"308","subCALEARN_39",100,85,"pos","block1"
"309","subCALEARN_39",28,27,"neg","block2"
"310","subCALEARN_39",93,78,"pos","block2"
"311","subCALEARN_39",31,31,"neg","block3"
"312","subCALEARN_39",88,75,"pos","block3"
"313","subCALEARN_40",68,74,"neg","block0"
"314","subCALEARN_40",19,36,"pos","block0"
"315","subCALEARN_40",78,90,"neg","block1"
"316","subCALEARN_40",24,32,"pos","block1"
"317","subCALEARN_40",67,22,"neg","block2"
"318","subCALEARN_40",20,22,"pos","block2"
"319","subCALEARN_40",67,21,"neg","block3"
"320","subCALEARN_40",24,38,"pos","block3"
"321","subCALEARN_41",0,100,"neg","block0"
"322","subCALEARN_41",100,0,"pos","block0"
"323","subCALEARN_41",100,0,"neg","block1"
"324","subCALEARN_41",100,87,"pos","block1"
"325","subCALEARN_41",0,50,"neg","block2"
"326","subCALEARN_41",100,50,"pos","block2"
"327","subCALEARN_41",0,0,"neg","block3"
"328","subCALEARN_41",100,100,"pos","block3"
"329","subCALEARN_42",0,100,"neg","block0"
"330","subCALEARN_42",100,0,"pos","block0"
"331","subCALEARN_42",20,0,"neg","block1"
"332","subCALEARN_42",81,100,"pos","block1"
"333","subCALEARN_42",0,37,"neg","block2"
"334","subCALEARN_42",100,53,"pos","block2"
"335","subCALEARN_42",0,0,"neg","block3"
"336","subCALEARN_42",100,79,"pos","block3"
"337","subCALEARN_43",62,73,"neg","block0"
"338","subCALEARN_43",86,63,"pos","block0"
"339","subCALEARN_43",92,62,"neg","block1"
"340","subCALEARN_43",100,63,"pos","block1"
"341","subCALEARN_43",59,42,"neg","block2"
"342","subCALEARN_43",64,36,"pos","block2"
"343","subCALEARN_43",25,75,"neg","block3"
"344","subCALEARN_43",86,69,"pos","block3"
"345","subCALEARN_44",0,100,"neg","block0"
"346","subCALEARN_44",100,74,"pos","block0"
"347","subCALEARN_44",100,17,"neg","block1"
"348","subCALEARN_44",100,95,"pos","block1"
"349","subCALEARN_44",0,100,"neg","block2"
"350","subCALEARN_44",100,100,"pos","block2"
"351","subCALEARN_44",0,0,"neg","block3"
"352","subCALEARN_44",100,100,"pos","block3"
"353","subCALEARN_45",77,24,"neg","block0"
"354","subCALEARN_45",22,79,"pos","block0"
"355","subCALEARN_45",0,0,"neg","block1"
"356","subCALEARN_45",77,100,"pos","block1"
"357","subCALEARN_45",17,0,"neg","block2"
"358","subCALEARN_45",77,100,"pos","block2"
"359","subCALEARN_45",15,0,"neg","block3"
"360","subCALEARN_45",84,100,"pos","block3"
"361","subCALEARN_46",0,100,"neg","block0"
"362","subCALEARN_46",100,0,"pos","block0"
"363","subCALEARN_46",100,0,"neg","block1"
"364","subCALEARN_46",100,100,"pos","block1"
"365","subCALEARN_46",0,69,"neg","block2"
"366","subCALEARN_46",100,71,"pos","block2"
"367","subCALEARN_46",0,0,"neg","block3"
"368","subCALEARN_46",100,100,"pos","block3"
"369","subCALEARN_47",51,19,"neg","block0"
"370","subCALEARN_47",70,71,"pos","block0"
"371","subCALEARN_47",61,33,"neg","block1"
"372","subCALEARN_47",79,36,"pos","block1"
"373","subCALEARN_47",62,38,"neg","block2"
"374","subCALEARN_47",84,18,"pos","block2"
"375","subCALEARN_47",61,38,"neg","block3"
"376","subCALEARN_47",68,28,"pos","block3"
"377","subCALEARN_48",0,100,"neg","block0"
"378","subCALEARN_48",100,0,"pos","block0"
"379","subCALEARN_48",100,0,"neg","block1"
"380","subCALEARN_48",0,90,"pos","block1"
"381","subCALEARN_48",11,85,"neg","block2"
"382","subCALEARN_48",83,15,"pos","block2"
"383","subCALEARN_48",3,100,"neg","block3"
"384","subCALEARN_48",79,22,"pos","block3"
"385","subCALEARN_49",0,100,"neg","block0"
"386","subCALEARN_49",100,0,"pos","block0"
"387","subCALEARN_49",100,100,"neg","block1"
"388","subCALEARN_49",100,0,"pos","block1"
"389","subCALEARN_49",0,100,"neg","block2"
"390","subCALEARN_49",100,100,"pos","block2"
"391","subCALEARN_49",0,0,"neg","block3"
"392","subCALEARN_49",100,100,"pos","block3"
"393","subCALEARN_50",64,40,"neg","block0"
"394","subCALEARN_50",78,67,"pos","block0"
"395","subCALEARN_50",81,25,"neg","block1"
"396","subCALEARN_50",63,72,"pos","block1"
"397","subCALEARN_50",41,24,"neg","block2"
"398","subCALEARN_50",55,67,"pos","block2"
"399","subCALEARN_50",35,23,"neg","block3"
"400","subCALEARN_50",58,72,"pos","block3"
"401","subCALEARN_51",1,0,"neg","block0"
"402","subCALEARN_51",0,0,"pos","block0"
"403","subCALEARN_51",50,0,"neg","block1"
"404","subCALEARN_51",100,100,"pos","block1"
"405","subCALEARN_51",16,0,"neg","block2"
"406","subCALEARN_51",100,100,"pos","block2"
"407","subCALEARN_51",0,0,"neg","block3"
"408","subCALEARN_51",100,100,"pos","block3"
"409","subCALEARN_52",44,19,"neg","block0"
"410","subCALEARN_52",77,19,"pos","block0"
"411","subCALEARN_52",89,21,"neg","block1"
"412","subCALEARN_52",89,4,"pos","block1"
"413","subCALEARN_52",13,10,"neg","block2"
"414","subCALEARN_52",87,41,"pos","block2"
"415","subCALEARN_52",90,90,"neg","block3"
"416","subCALEARN_52",91,34,"pos","block3"
"417","subCALEARN_53",0,100,"neg","block0"
"418","subCALEARN_53",100,0,"pos","block0"
"419","subCALEARN_53",50,0,"neg","block1"
"420","subCALEARN_53",100,100,"pos","block1"
"421","subCALEARN_53",0,50,"neg","block2"
"422","subCALEARN_53",100,69,"pos","block2"
"423","subCALEARN_53",0,0,"neg","block3"
"424","subCALEARN_53",100,100,"pos","block3"
"425","subCALEARN_54",79,36,"neg","block0"
"426","subCALEARN_54",64,37,"pos","block0"
"427","subCALEARN_54",30,61,"neg","block1"
"428","subCALEARN_54",67,42,"pos","block1"
"429","subCALEARN_54",36,46,"neg","block2"
"430","subCALEARN_54",68,55,"pos","block2"
"431","subCALEARN_54",39,60,"neg","block3"
"432","subCALEARN_54",64,43,"pos","block3"
"433","subCALEARN_55",0,0,"neg","block0"
"434","subCALEARN_55",67,14,"pos","block0"
"435","subCALEARN_55",84,8,"neg","block1"
"436","subCALEARN_55",95,95,"pos","block1"
"437","subCALEARN_55",63,7,"neg","block2"
"438","subCALEARN_55",100,100,"pos","block2"
"439","subCALEARN_55",0,0,"neg","block3"
"440","subCALEARN_55",100,33,"pos","block3"
"441","subCALEARN_56",78,0,"neg","block0"
"442","subCALEARN_56",1,100,"pos","block0"
"443","subCALEARN_56",0,0,"neg","block1"
"444","subCALEARN_56",0,0,"pos","block1"
"445","subCALEARN_56",2,0,"neg","block2"
"446","subCALEARN_56",100,100,"pos","block2"
"447","subCALEARN_56",0,0,"neg","block3"
"448","subCALEARN_56",100,100,"pos","block3"
"449","subCALEARN_57",3,4,"neg","block0"
"450","subCALEARN_57",79,3,"pos","block0"
"451","subCALEARN_57",97,4,"neg","block1"
"452","subCALEARN_57",94,23,"pos","block1"
"453","subCALEARN_57",5,72,"neg","block2"
"454","subCALEARN_57",96,77,"pos","block2"
"455","subCALEARN_57",3,9,"neg","block3"
"456","subCALEARN_57",98,93,"pos","block3"
"457","subCALEARN_58",30,0,"neg","block0"
"458","subCALEARN_58",44,0,"pos","block0"
"459","subCALEARN_58",76,20,"neg","block1"
"460","subCALEARN_58",66,20,"pos","block1"
"461","subCALEARN_58",64,16,"neg","block2"
"462","subCALEARN_58",84,88,"pos","block2"
"463","subCALEARN_58",15,11,"neg","block3"
"464","subCALEARN_58",62,70,"pos","block3"
"465","subCALEARN_59",37,59,"neg","block0"
"466","subCALEARN_59",69,68,"pos","block0"
"467","subCALEARN_59",69,66,"neg","block1"
"468","subCALEARN_59",28,32,"pos","block1"
"469","subCALEARN_59",11,21,"neg","block2"
"470","subCALEARN_59",77,68,"pos","block2"
"471","subCALEARN_59",29,56,"neg","block3"
"472","subCALEARN_59",68,71,"pos","block3"
"473","subCALEARN_60",26,72,"neg","block0"
"474","subCALEARN_60",75,72,"pos","block0"
"475","subCALEARN_60",0,30,"neg","block1"
"476","subCALEARN_60",100,61,"pos","block1"
"477","subCALEARN_60",12,6,"neg","block2"
"478","subCALEARN_60",89,73,"pos","block2"
"479","subCALEARN_60",23,3,"neg","block3"
"480","subCALEARN_60",79,100,"pos","block3"
"481","subCALEARN_61",38,67,"neg","block0"
"482","subCALEARN_61",95,67,"pos","block0"
"483","subCALEARN_61",21,5,"neg","block1"
"484","subCALEARN_61",84,23,"pos","block1"
"485","subCALEARN_61",34,2,"neg","block2"
"486","subCALEARN_61",79,58,"pos","block2"
"487","subCALEARN_61",38,6,"neg","block3"
"488","subCALEARN_61",58,62,"pos","block3"
"489","subCALEARN_62",31,30,"neg","block0"
"490","subCALEARN_62",71,37,"pos","block0"
"491","subCALEARN_62",73,72,"neg","block1"
"492","subCALEARN_62",92,81,"pos","block1"
"493","subCALEARN_62",72,21,"neg","block2"
"494","subCALEARN_62",84,91,"pos","block2"
"495","subCALEARN_62",77,28,"neg","block3"
"496","subCALEARN_62",100,73,"pos","block3"
"497","subCALEARN_63",75,44,"neg","block0"
"498","subCALEARN_63",32,26,"pos","block0"
"499","subCALEARN_63",74,26,"neg","block1"
"500","subCALEARN_63",76,59,"pos","block1"
"501","subCALEARN_63",39,42,"neg","block2"
"502","subCALEARN_63",39,63,"pos","block2"
"503","subCALEARN_63",13,20,"neg","block3"
"504","subCALEARN_63",82,80,"pos","block3"
"505","subCALEARN_64",0,100,"neg","block0"
"506","subCALEARN_64",100,0,"pos","block0"
"507","subCALEARN_64",51,100,"neg","block1"
"508","subCALEARN_64",100,100,"pos","block1"
"509","subCALEARN_64",0,13,"neg","block2"
"510","subCALEARN_64",100,52,"pos","block2"
"511","subCALEARN_64",0,0,"neg","block3"
"512","subCALEARN_64",100,77,"pos","block3"
"513","subCALEARN_65",0,17,"neg","block0"
"514","subCALEARN_65",31,74,"pos","block0"
"515","subCALEARN_65",85,14,"neg","block1"
"516","subCALEARN_65",88,76,"pos","block1"
"517","subCALEARN_65",0,0,"neg","block2"
"518","subCALEARN_65",100,21,"pos","block2"
"519","subCALEARN_65",0,13,"neg","block3"
"520","subCALEARN_65",100,76,"pos","block3"
"521","subCALEARN_66",37,61,"neg","block0"
"522","subCALEARN_66",24,27,"pos","block0"
"523","subCALEARN_66",22,24,"neg","block1"
"524","subCALEARN_66",76,77,"pos","block1"
"525","subCALEARN_66",32,29,"neg","block2"
"526","subCALEARN_66",71,69,"pos","block2"
"527","subCALEARN_66",40,40,"neg","block3"
"528","subCALEARN_66",63,67,"pos","block3"
"529","subCALEARN_67",14,39,"neg","block0"
"530","subCALEARN_67",31,65,"pos","block0"
"531","subCALEARN_67",56,57,"neg","block1"
"532","subCALEARN_67",57,58,"pos","block1"
"533","subCALEARN_67",61,61,"neg","block2"
"534","subCALEARN_67",65,64,"pos","block2"
"535","subCALEARN_67",21,42,"neg","block3"
"536","subCALEARN_67",61,59,"pos","block3"
"537","subCALEARN_68",31,2,"neg","block0"
"538","subCALEARN_68",51,62,"pos","block0"
"539","subCALEARN_68",100,27,"neg","block1"
"540","subCALEARN_68",87,16,"pos","block1"
"541","subCALEARN_68",100,80,"neg","block2"
"542","subCALEARN_68",100,71,"pos","block2"
"543","subCALEARN_68",21,10,"neg","block3"
"544","subCALEARN_68",12,35,"pos","block3"
"545","subCALEARN_69",62,15,"neg","block0"
"546","subCALEARN_69",80,12,"pos","block0"
"547","subCALEARN_69",24,37,"neg","block1"
"548","subCALEARN_69",62,41,"pos","block1"
"549","subCALEARN_69",9,13,"neg","block2"
"550","subCALEARN_69",100,15,"pos","block2"
"551","subCALEARN_69",0,71,"neg","block3"
"552","subCALEARN_69",98,25,"pos","block3"
"553","subCALEARN_70",0,100,"neg","block0"
"554","subCALEARN_70",100,0,"pos","block0"
"555","subCALEARN_70",100,0,"neg","block1"
"556","subCALEARN_70",58,85,"pos","block1"
"557","subCALEARN_70",0,88,"neg","block2"
"558","subCALEARN_70",100,93,"pos","block2"
"559","subCALEARN_70",0,0,"neg","block3"
"560","subCALEARN_70",100,100,"pos","block3"
"561","subCALEARN_71",0,100,"neg","block0"
"562","subCALEARN_71",100,0,"pos","block0"
"563","subCALEARN_71",100,0,"neg","block1"
"564","subCALEARN_71",100,100,"pos","block1"
"565","subCALEARN_71",0,100,"neg","block2"
"566","subCALEARN_71",100,100,"pos","block2"
"567","subCALEARN_71",0,0,"neg","block3"
"568","subCALEARN_71",100,100,"pos","block3"
"569","subCALEARN_72",76,61,"neg","block0"
"570","subCALEARN_72",30,43,"pos","block0"
"571","subCALEARN_72",68,6,"neg","block1"
"572","subCALEARN_72",94,82,"pos","block1"
"573","subCALEARN_72",7,22,"neg","block2"
"574","subCALEARN_72",95,86,"pos","block2"
"575","subCALEARN_72",0,3,"neg","block3"
"576","subCALEARN_72",94,71,"pos","block3"
"577","subCALEARN_73",0,93,"neg","block0"
"578","subCALEARN_73",100,10,"pos","block0"
"579","subCALEARN_73",91,50,"neg","block1"
"580","subCALEARN_73",88,79,"pos","block1"
"581","subCALEARN_73",0,53,"neg","block2"
"582","subCALEARN_73",100,84,"pos","block2"
"583","subCALEARN_73",0,33,"neg","block3"
"584","subCALEARN_73",100,59,"pos","block3"
"585","subCALEARN_74",0,100,"neg","block0"
"586","subCALEARN_74",100,0,"pos","block0"
"587","subCALEARN_74",100,100,"neg","block1"
"588","subCALEARN_74",100,0,"pos","block1"
"589","subCALEARN_74",0,100,"neg","block2"
"590","subCALEARN_74",100,0,"pos","block2"
"591","subCALEARN_74",0,0,"neg","block3"
"592","subCALEARN_74",100,100,"pos","block3"
"593","subCALEARN_75",0,100,"neg","block0"
"594","subCALEARN_75",100,14,"pos","block0"
"595","subCALEARN_75",100,0,"neg","block1"
"596","subCALEARN_75",89,98,"pos","block1"
"597","subCALEARN_75",0,33,"neg","block2"
"598","subCALEARN_75",100,74,"pos","block2"
"599","subCALEARN_75",0,0,"neg","block3"
"600","subCALEARN_75",75,100,"pos","block3"
"601","subCALEARN_76",39,62,"neg","block0"
"602","subCALEARN_76",63,70,"pos","block0"
"603","subCALEARN_76",26,58,"neg","block1"
"604","subCALEARN_76",58,66,"pos","block1"
"605","subCALEARN_76",36,40,"neg","block2"
"606","subCALEARN_76",78,68,"pos","block2"
"607","subCALEARN_76",67,66,"neg","block3"
"608","subCALEARN_76",37,37,"pos","block3"
"609","subCALEARN_77",67,61,"neg","block0"
"610","subCALEARN_77",46,46,"pos","block0"
"611","subCALEARN_77",0,26,"neg","block1"
"612","subCALEARN_77",100,80,"pos","block1"
"613","subCALEARN_77",0,0,"neg","block2"
"614","subCALEARN_77",100,100,"pos","block2"
"615","subCALEARN_77",0,0,"neg","block3"
"616","subCALEARN_77",100,100,"pos","block3"
"617","subCALEARN_78",68,40,"neg","block0"
"618","subCALEARN_78",81,67,"pos","block0"
"619","subCALEARN_78",72,58,"neg","block1"
"620","subCALEARN_78",87,82,"pos","block1"
"621","subCALEARN_78",48,65,"neg","block2"
"622","subCALEARN_78",80,60,"pos","block2"
"623","subCALEARN_78",45,52,"neg","block3"
"624","subCALEARN_78",57,50,"pos","block3"
"625","subCALEARN_79",0,100,"neg","block0"
"626","subCALEARN_79",84,22,"pos","block0"
"627","subCALEARN_79",60,27,"neg","block1"
"628","subCALEARN_79",68,68,"pos","block1"
"629","subCALEARN_79",0,67,"neg","block2"
"630","subCALEARN_79",100,31,"pos","block2"
"631","subCALEARN_79",0,0,"neg","block3"
"632","subCALEARN_79",100,72,"pos","block3"
"633","subCALEARN_80",93,72,"neg","block0"
"634","subCALEARN_80",27,32,"pos","block0"
"635","subCALEARN_80",5,2,"neg","block1"
"636","subCALEARN_80",95,70,"pos","block1"
"637","subCALEARN_80",3,2,"neg","block2"
"638","subCALEARN_80",100,85,"pos","block2"
"639","subCALEARN_80",4,23,"neg","block3"
"640","subCALEARN_80",100,100,"pos","block3"
"641","subCALEARN_81",0,100,"neg","block0"
"642","subCALEARN_81",100,0,"pos","block0"
"643","subCALEARN_81",100,0,"neg","block1"
"644","subCALEARN_81",100,100,"pos","block1"
"645","subCALEARN_81",0,100,"neg","block2"
"646","subCALEARN_81",100,100,"pos","block2"
"647","subCALEARN_81",0,0,"neg","block3"
"648","subCALEARN_81",100,100,"pos","block3"
"649","subCALEARN_82",0,100,"neg","block0"
"650","subCALEARN_82",100,0,"pos","block0"
"651","subCALEARN_82",100,29,"neg","block1"
"652","subCALEARN_82",64,68,"pos","block1"
"653","subCALEARN_82",0,50,"neg","block2"
"654","subCALEARN_82",100,59,"pos","block2"
"655","subCALEARN_82",28,0,"neg","block3"
"656","subCALEARN_82",65,100,"pos","block3"
"657","subCALEARN_83",0,100,"neg","block0"
"658","subCALEARN_83",100,0,"pos","block0"
"659","subCALEARN_83",100,0,"neg","block1"
"660","subCALEARN_83",100,100,"pos","block1"
"661","subCALEARN_83",0,7,"neg","block2"
"662","subCALEARN_83",100,67,"pos","block2"
"663","subCALEARN_83",0,0,"neg","block3"
"664","subCALEARN_83",100,100,"pos","block3"
"665","subCALEARN_84",24,100,"neg","block0"
"666","subCALEARN_84",75,75,"pos","block0"
"667","subCALEARN_84",55,49,"neg","block1"
"668","subCALEARN_84",54,55,"pos","block1"
"669","subCALEARN_84",45,45,"neg","block2"
"670","subCALEARN_84",53,46,"pos","block2"
"671","subCALEARN_84",29,30,"neg","block3"
"672","subCALEARN_84",46,48,"pos","block3"
"673","subCALEARN_85",0,100,"neg","block0"
"674","subCALEARN_85",100,0,"pos","block0"
"675","subCALEARN_85",0,0,"neg","block1"
"676","subCALEARN_85",29,0,"pos","block1"
"677","subCALEARN_85",0,0,"neg","block2"
"678","subCALEARN_85",37,0,"pos","block2"
"679","subCALEARN_85",0,0,"neg","block3"
"680","subCALEARN_85",27,0,"pos","block3"
"681","subCALEARN_86",0,100,"neg","block0"
"682","subCALEARN_86",100,16,"pos","block0"
"683","subCALEARN_86",0,0,"neg","block1"
"684","subCALEARN_86",0,7,"pos","block1"
"685","subCALEARN_86",0,0,"neg","block2"
"686","subCALEARN_86",0,0,"pos","block2"
"687","subCALEARN_86",0,0,"neg","block3"
"688","subCALEARN_86",100,78,"pos","block3"
"689","subCALEARN_87",0,100,"neg","block0"
"690","subCALEARN_87",100,0,"pos","block0"
"691","subCALEARN_87",100,0,"neg","block1"
"692","subCALEARN_87",100,100,"pos","block1"
"693","subCALEARN_87",0,62,"neg","block2"
"694","subCALEARN_87",100,62,"pos","block2"
"695","subCALEARN_87",0,0,"neg","block3"
"696","subCALEARN_87",100,100,"pos","block3"
"697","subCALEARN_88",0,100,"neg","block0"
"698","subCALEARN_88",100,0,"pos","block0"
"699","subCALEARN_88",0,100,"neg","block1"
"700","subCALEARN_88",100,0,"pos","block1"
"701","subCALEARN_88",0,100,"neg","block2"
"702","subCALEARN_88",100,100,"pos","block2"
"703","subCALEARN_88",0,0,"neg","block3"
"704","subCALEARN_88",100,100,"pos","block3"
"705","subCALEARN_89",16,16,"neg","block0"
"706","subCALEARN_89",55,61,"pos","block0"
"707","subCALEARN_89",29,26,"neg","block1"
"708","subCALEARN_89",82,83,"pos","block1"
"709","subCALEARN_89",0,0,"neg","block2"
"710","subCALEARN_89",100,100,"pos","block2"
"711","subCALEARN_89",0,0,"neg","block3"
"712","subCALEARN_89",100,100,"pos","block3"
"713","subCALEARN_90",13,15,"neg","block0"
"714","subCALEARN_90",79,80,"pos","block0"
"715","subCALEARN_90",27,26,"neg","block1"
"716","subCALEARN_90",77,80,"pos","block1"
"717","subCALEARN_90",32,32,"neg","block2"
"718","subCALEARN_90",74,77,"pos","block2"
"719","subCALEARN_90",44,44,"neg","block3"
"720","subCALEARN_90",29,30,"pos","block3"
"721","subCALEARN_91",30,31,"neg","block0"
"722","subCALEARN_91",61,33,"pos","block0"
"723","subCALEARN_91",37,35,"neg","block1"
"724","subCALEARN_91",63,63,"pos","block1"
"725","subCALEARN_91",21,37,"neg","block2"
"726","subCALEARN_91",88,66,"pos","block2"
"727","subCALEARN_91",12,16,"neg","block3"
"728","subCALEARN_91",76,79,"pos","block3"
"729","subCALEARN_92",0,100,"neg","block0"
"730","subCALEARN_92",100,0,"pos","block0"
"731","subCALEARN_92",100,0,"neg","block1"
"732","subCALEARN_92",100,100,"pos","block1"
"733","subCALEARN_92",0,100,"neg","block2"
"734","subCALEARN_92",100,100,"pos","block2"
"735","subCALEARN_92",0,0,"neg","block3"
"736","subCALEARN_92",100,100,"pos","block3"
"737","subCALEARN_93",83,37,"neg","block0"
"738","subCALEARN_93",94,64,"pos","block0"
"739","subCALEARN_93",13,10,"neg","block1"
"740","subCALEARN_93",88,91,"pos","block1"
"741","subCALEARN_93",3,1,"neg","block2"
"742","subCALEARN_93",82,82,"pos","block2"
"743","subCALEARN_93",5,5,"neg","block3"
"744","subCALEARN_93",90,72,"pos","block3"
"745","subCALEARN_94",42,27,"neg","block0"
"746","subCALEARN_94",42,33,"pos","block0"
"747","subCALEARN_94",11,21,"neg","block1"
"748","subCALEARN_94",77,58,"pos","block1"
"749","subCALEARN_94",7,2,"neg","block2"
"750","subCALEARN_94",95,67,"pos","block2"
"751","subCALEARN_94",8,67,"neg","block3"
"752","subCALEARN_94",80,74,"pos","block3"
"753","subCALEARN_95",0,100,"neg","block0"
"754","subCALEARN_95",100,16,"pos","block0"
"755","subCALEARN_95",0,100,"neg","block1"
"756","subCALEARN_95",100,0,"pos","block1"
"757","subCALEARN_95",0,100,"neg","block2"
"758","subCALEARN_95",100,0,"pos","block2"
"759","subCALEARN_95",0,100,"neg","block3"
"760","subCALEARN_95",100,0,"pos","block3"
"761","subCALEARN_96",51,63,"neg","block0"
"762","subCALEARN_96",69,27,"pos","block0"
"763","subCALEARN_96",35,38,"neg","block1"
"764","subCALEARN_96",89,82,"pos","block1"
"765","subCALEARN_96",15,16,"neg","block2"
"766","subCALEARN_96",88,88,"pos","block2"
"767","subCALEARN_96",15,15,"neg","block3"
"768","subCALEARN_96",96,97,"pos","block3"
"769","subCALEARN_97",0,0,"neg","block0"
"770","subCALEARN_97",100,0,"pos","block0"
"771","subCALEARN_97",0,100,"neg","block1"
"772","subCALEARN_97",100,100,"pos","block1"
"773","subCALEARN_97",0,0,"neg","block2"
"774","subCALEARN_97",100,100,"pos","block2"
"775","subCALEARN_97",0,0,"neg","block3"
"776","subCALEARN_97",100,100,"pos","block3"
"777","subCALEARN_98",29,29,"neg","block0"
"778","subCALEARN_98",27,15,"pos","block0"
"779","subCALEARN_98",27,35,"neg","block1"
"780","subCALEARN_98",35,21,"pos","block1"
"781","subCALEARN_98",16,15,"neg","block2"
"782","subCALEARN_98",39,31,"pos","block2"
"783","subCALEARN_98",35,26,"neg","block3"
"784","subCALEARN_98",43,33,"pos","block3"
"785","subCALEARN_99",85,25,"neg","block0"
"786","subCALEARN_99",13,82,"pos","block0"
"787","subCALEARN_99",90,87,"neg","block1"
"788","subCALEARN_99",21,66,"pos","block1"
"789","subCALEARN_99",68,16,"neg","block2"
"790","subCALEARN_99",19,15,"pos","block2"
"791","subCALEARN_99",21,18,"neg","block3"
"792","subCALEARN_99",79,10,"pos","block3"
"793","subCALEARN_100",58,21,"neg","block0"
"794","subCALEARN_100",39,13,"pos","block0"
"795","subCALEARN_100",0,0,"neg","block1"
"796","subCALEARN_100",100,100,"pos","block1"
"797","subCALEARN_100",91,35,"neg","block2"
"798","subCALEARN_100",91,84,"pos","block2"
"799","subCALEARN_100",0,49,"neg","block3"
"800","subCALEARN_100",100,35,"pos","block3"
"801","subCALEARN_101",66,35,"neg","block0"
"802","subCALEARN_101",69,65,"pos","block0"
"803","subCALEARN_101",14,15,"neg","block1"
"804","subCALEARN_101",84,85,"pos","block1"
"805","subCALEARN_101",11,19,"neg","block2"
"806","subCALEARN_101",87,79,"pos","block2"
"807","subCALEARN_101",7,13,"neg","block3"
"808","subCALEARN_101",86,86,"pos","block3"
"809","subCALEARN_102",75,21,"neg","block0"
"810","subCALEARN_102",62,30,"pos","block0"
"811","subCALEARN_102",60,28,"neg","block1"
"812","subCALEARN_102",76,60,"pos","block1"
"813","subCALEARN_102",82,22,"neg","block2"
"814","subCALEARN_102",78,63,"pos","block2"
"815","subCALEARN_102",76,25,"neg","block3"
"816","subCALEARN_102",74,69,"pos","block3"
"817","subCALEARN_103",8,33,"neg","block0"
"818","subCALEARN_103",61,98,"pos","block0"
"819","subCALEARN_103",53,9,"neg","block1"
"820","subCALEARN_103",89,67,"pos","block1"
"821","subCALEARN_103",36,5,"neg","block2"
"822","subCALEARN_103",100,72,"pos","block2"
"823","subCALEARN_103",29,9,"neg","block3"
"824","subCALEARN_103",93,70,"pos","block3"
"825","subCALEARN_104",0,0,"neg","block0"
"826","subCALEARN_104",100,50,"pos","block0"
"827","subCALEARN_104",0,0,"neg","block1"
"828","subCALEARN_104",100,100,"pos","block1"
"829","subCALEARN_104",0,0,"neg","block2"
"830","subCALEARN_104",100,100,"pos","block2"
"831","subCALEARN_104",0,0,"neg","block3"
"832","subCALEARN_104",100,100,"pos","block3"
"833","subCALEARN_105",28,0,"neg","block0"
"834","subCALEARN_105",24,0,"pos","block0"
"835","subCALEARN_105",7,0,"neg","block1"
"836","subCALEARN_105",93,80,"pos","block1"
"837","subCALEARN_105",0,0,"neg","block2"
"838","subCALEARN_105",100,100,"pos","block2"
"839","subCALEARN_105",6,7,"neg","block3"
"840","subCALEARN_105",100,100,"pos","block3"
"841","subCALEARN_106",0,100,"neg","block0"
"842","subCALEARN_106",100,0,"pos","block0"
"843","subCALEARN_106",100,0,"neg","block1"
"844","subCALEARN_106",100,91,"pos","block1"
"845","subCALEARN_106",0,100,"neg","block2"
"846","subCALEARN_106",100,32,"pos","block2"
"847","subCALEARN_106",0,0,"neg","block3"
"848","subCALEARN_106",100,95,"pos","block3"
"849","subCALEARN_107",0,84,"neg","block0"
"850","subCALEARN_107",25,17,"pos","block0"
"851","subCALEARN_107",0,17,"neg","block1"
"852","subCALEARN_107",100,100,"pos","block1"
"853","subCALEARN_107",0,0,"neg","block2"
"854","subCALEARN_107",100,100,"pos","block2"
"855","subCALEARN_107",0,100,"neg","block3"
"856","subCALEARN_107",100,0,"pos","block3"
"857","subCALEARN_108",0,100,"neg","block0"
"858","subCALEARN_108",100,0,"pos","block0"
"859","subCALEARN_108",0,100,"neg","block1"
"860","subCALEARN_108",100,0,"pos","block1"
"861","subCALEARN_108",100,100,"neg","block2"
"862","subCALEARN_108",0,0,"pos","block2"
"863","subCALEARN_108",0,0,"neg","block3"
"864","subCALEARN_108",100,100,"pos","block3"
"865","subCALEARN_109",0,100,"neg","block0"
"866","subCALEARN_109",100,0,"pos","block0"
"867","subCALEARN_109",100,0,"neg","block1"
"868","subCALEARN_109",0,100,"pos","block1"
"869","subCALEARN_109",0,100,"neg","block2"
"870","subCALEARN_109",100,100,"pos","block2"
"871","subCALEARN_109",0,0,"neg","block3"
"872","subCALEARN_109",100,100,"pos","block3"
"873","subCALEARN_110",19,20,"neg","block0"
"874","subCALEARN_110",33,33,"pos","block0"
"875","subCALEARN_110",3,3,"neg","block1"
"876","subCALEARN_110",86,91,"pos","block1"
"877","subCALEARN_110",5,4,"neg","block2"
"878","subCALEARN_110",93,84,"pos","block2"
"879","subCALEARN_110",5,6,"neg","block3"
"880","subCALEARN_110",88,88,"pos","block3"
"881","subCALEARN_111",0,100,"neg","block0"
"882","subCALEARN_111",100,0,"pos","block0"
"883","subCALEARN_111",0,100,"neg","block1"
"884","subCALEARN_111",100,50,"pos","block1"
"885","subCALEARN_111",0,50,"neg","block2"
"886","subCALEARN_111",100,50,"pos","block2"
"887","subCALEARN_111",0,0,"neg","block3"
"888","subCALEARN_111",100,100,"pos","block3"
"889","subCALEARN_112",0,100,"neg","block0"
"890","subCALEARN_112",100,0,"pos","block0"
"891","subCALEARN_112",100,0,"neg","block1"
"892","subCALEARN_112",100,100,"pos","block1"
"893","subCALEARN_112",0,100,"neg","block2"
"894","subCALEARN_112",100,100,"pos","block2"
"895","subCALEARN_112",0,0,"neg","block3"
"896","subCALEARN_112",100,100,"pos","block3"
"897","subCALEARN_113",50,15,"neg","block0"
"898","subCALEARN_113",69,14,"pos","block0"
"899","subCALEARN_113",50,0,"neg","block1"
"900","subCALEARN_113",50,24,"pos","block1"
"901","subCALEARN_113",50,4,"neg","block2"
"902","subCALEARN_113",50,14,"pos","block2"
"903","subCALEARN_113",50,0,"neg","block3"
"904","subCALEARN_113",100,0,"pos","block3"
"905","subCALEARN_114",24,33,"neg","block0"
"906","subCALEARN_114",58,58,"pos","block0"
"907","subCALEARN_114",40,55,"neg","block1"
"908","subCALEARN_114",44,57,"pos","block1"
"909","subCALEARN_114",37,34,"neg","block2"
"910","subCALEARN_114",36,34,"pos","block2"
"911","subCALEARN_114",39,55,"neg","block3"
"912","subCALEARN_114",43,60,"pos","block3"
"913","subCALEARN_115",30,16,"neg","block0"
"914","subCALEARN_115",68,43,"pos","block0"
"915","subCALEARN_115",33,68,"neg","block1"
"916","subCALEARN_115",64,41,"pos","block1"
"917","subCALEARN_115",64,33,"neg","block2"
"918","subCALEARN_115",41,57,"pos","block2"
"919","subCALEARN_115",19,96,"neg","block3"
"920","subCALEARN_115",85,14,"pos","block3"
"921","subCALEARN_116",19,15,"neg","block0"
"922","subCALEARN_116",61,40,"pos","block0"
"923","subCALEARN_116",69,52,"neg","block1"
"924","subCALEARN_116",35,47,"pos","block1"
"925","subCALEARN_116",59,42,"neg","block2"
"926","subCALEARN_116",38,59,"pos","block2"
"927","subCALEARN_116",56,56,"neg","block3"
"928","subCALEARN_116",44,44,"pos","block3"
"929","subCALEARN_117",86,49,"neg","block0"
"930","subCALEARN_117",83,64,"pos","block0"
"931","subCALEARN_117",68,43,"neg","block1"
"932","subCALEARN_117",68,65,"pos","block1"
"933","subCALEARN_117",67,42,"neg","block2"
"934","subCALEARN_117",74,73,"pos","block2"
"935","subCALEARN_117",68,35,"neg","block3"
"936","subCALEARN_117",67,68,"pos","block3"
"937","subCALEARN_118",10,100,"neg","block0"
"938","subCALEARN_118",100,0,"pos","block0"
"939","subCALEARN_118",100,1,"neg","block1"
"940","subCALEARN_118",100,92,"pos","block1"
"941","subCALEARN_118",0,99,"neg","block2"
"942","subCALEARN_118",100,100,"pos","block2"
"943","subCALEARN_118",0,0,"neg","block3"
"944","subCALEARN_118",100,100,"pos","block3"
"945","subCALEARN_119",0,100,"neg","block0"
"946","subCALEARN_119",100,0,"pos","block0"
"947","subCALEARN_119",80,20,"neg","block1"
"948","subCALEARN_119",23,56,"pos","block1"
"949","subCALEARN_119",0,44,"neg","block2"
"950","subCALEARN_119",100,50,"pos","block2"
"951","subCALEARN_119",0,19,"neg","block3"
"952","subCALEARN_119",100,20,"pos","block3"
"953","subCALEARN_120",66,21,"neg","block0"
"954","subCALEARN_120",100,75,"pos","block0"
"955","subCALEARN_120",11,11,"neg","block1"
"956","subCALEARN_120",87,87,"pos","block1"
"957","subCALEARN_120",12,24,"neg","block2"
"958","subCALEARN_120",85,26,"pos","block2"
"959","subCALEARN_120",30,22,"neg","block3"
"960","subCALEARN_120",73,64,"pos","block3"
"961","subCALEARN_121",71,10,"neg","block0"
"962","subCALEARN_121",94,84,"pos","block0"
"963","subCALEARN_121",79,30,"neg","block1"
"964","subCALEARN_121",79,70,"pos","block1"
"965","subCALEARN_121",0,29,"neg","block2"
"966","subCALEARN_121",86,78,"pos","block2"
"967","subCALEARN_121",14,21,"neg","block3"
"968","subCALEARN_121",91,88,"pos","block3"
"969","subCALEARN_122",71,0,"neg","block0"
"970","subCALEARN_122",0,0,"pos","block0"
"971","subCALEARN_122",11,89,"neg","block1"
"972","subCALEARN_122",100,0,"pos","block1"
"973","subCALEARN_122",15,75,"neg","block2"
"974","subCALEARN_122",100,0,"pos","block2"
"975","subCALEARN_122",0,100,"neg","block3"
"976","subCALEARN_122",100,0,"pos","block3"
"977","subCALEARN_123",0,100,"neg","block0"
"978","subCALEARN_123",100,0,"pos","block0"
"979","subCALEARN_123",100,0,"neg","block1"
"980","subCALEARN_123",69,100,"pos","block1"
"981","subCALEARN_123",0,14,"neg","block2"
"982","subCALEARN_123",100,89,"pos","block2"
"983","subCALEARN_123",0,0,"neg","block3"
"984","subCALEARN_123",100,100,"pos","block3"
"985","subCALEARN_124",27,26,"neg","block0"
"986","subCALEARN_124",36,29,"pos","block0"
"987","subCALEARN_124",100,100,"neg","block1"
"988","subCALEARN_124",0,0,"pos","block1"
"989","subCALEARN_124",100,100,"neg","block2"
"990","subCALEARN_124",0,0,"pos","block2"
"991","subCALEARN_124",100,0,"neg","block3"
"992","subCALEARN_124",0,100,"pos","block3"
"993","subCALEARN_125",0,100,"neg","block0"
"994","subCALEARN_125",100,0,"pos","block0"
"995","subCALEARN_125",100,100,"neg","block1"
"996","subCALEARN_125",100,0,"pos","block1"
"997","subCALEARN_125",0,100,"neg","block2"
"998","subCALEARN_125",100,100,"pos","block2"
"999","subCALEARN_125",0,0,"neg","block3"
"1000","subCALEARN_125",100,100,"pos","block3"
"1001","subCALEARN_126",0,100,"neg","block0"
"1002","subCALEARN_126",100,0,"pos","block0"
"1003","subCALEARN_126",100,0,"neg","block1"
"1004","subCALEARN_126",100,100,"pos","block1"
"1005","subCALEARN_126",0,45,"neg","block2"
"1006","subCALEARN_126",100,86,"pos","block2"
"1007","subCALEARN_126",0,0,"neg","block3"
"1008","subCALEARN_126",100,100,"pos","block3"
"1009","subCALEARN_127",0,100,"neg","block0"
"1010","subCALEARN_127",100,0,"pos","block0"
"1011","subCALEARN_127",49,50,"neg","block1"
"1012","subCALEARN_127",50,51,"pos","block1"
"1013","subCALEARN_127",0,100,"neg","block2"
"1014","subCALEARN_127",100,100,"pos","block2"
"1015","subCALEARN_127",0,0,"neg","block3"
"1016","subCALEARN_127",100,100,"pos","block3"
"1017","subCALEARN_128",12,0,"neg","block0"
"1018","subCALEARN_128",97,6,"pos","block0"
"1019","subCALEARN_128",3,2,"neg","block1"
"1020","subCALEARN_128",91,92,"pos","block1"
"1021","subCALEARN_128",0,3,"neg","block2"
"1022","subCALEARN_128",100,89,"pos","block2"
"1023","subCALEARN_128",0,1,"neg","block3"
"1024","subCALEARN_128",100,93,"pos","block3"
"1025","subCALEARN_129",12,12,"neg","block0"
"1026","subCALEARN_129",94,13,"pos","block0"
"1027","subCALEARN_129",1,0,"neg","block1"
"1028","subCALEARN_129",99,95,"pos","block1"
"1029","subCALEARN_129",14,83,"neg","block2"
"1030","subCALEARN_129",89,93,"pos","block2"
"1031","subCALEARN_129",100,97,"neg","block3"
"1032","subCALEARN_129",99,3,"pos","block3"
"1033","subCALEARN_130",0,100,"neg","block0"
"1034","subCALEARN_130",100,0,"pos","block0"
"1035","subCALEARN_130",100,0,"neg","block1"
"1036","subCALEARN_130",100,100,"pos","block1"
"1037","subCALEARN_130",0,49,"neg","block2"
"1038","subCALEARN_130",100,49,"pos","block2"
"1039","subCALEARN_130",0,0,"neg","block3"
"1040","subCALEARN_130",100,100,"pos","block3"
"1041","subCALEARN_131",75,20,"neg","block0"
"1042","subCALEARN_131",100,0,"pos","block0"
"1043","subCALEARN_131",33,0,"neg","block1"
"1044","subCALEARN_131",100,0,"pos","block1"
"1045","subCALEARN_131",100,0,"neg","block2"
"1046","subCALEARN_131",100,0,"pos","block2"
"1047","subCALEARN_131",100,0,"neg","block3"
"1048","subCALEARN_131",100,0,"pos","block3"
"1049","subCALEARN_132",30,51,"neg","block0"
"1050","subCALEARN_132",59,45,"pos","block0"
"1051","subCALEARN_132",0,0,"neg","block1"
"1052","subCALEARN_132",100,100,"pos","block1"
"1053","subCALEARN_132",0,0,"neg","block2"
"1054","subCALEARN_132",100,100,"pos","block2"
"1055","subCALEARN_132",26,68,"neg","block3"
"1056","subCALEARN_132",64,57,"pos","block3"
"1057","subCALEARN_133",58,46,"neg","block0"
"1058","subCALEARN_133",38,44,"pos","block0"
"1059","subCALEARN_133",37,18,"neg","block1"
"1060","subCALEARN_133",93,79,"pos","block1"
"1061","subCALEARN_133",16,17,"neg","block2"
"1062","subCALEARN_133",98,96,"pos","block2"
"1063","subCALEARN_133",12,14,"neg","block3"
"1064","subCALEARN_133",100,100,"pos","block3"
"1065","subCALEARN_134",28,17,"neg","block0"
"1066","subCALEARN_134",88,27,"pos","block0"
"1067","subCALEARN_134",6,73,"neg","block1"
"1068","subCALEARN_134",96,40,"pos","block1"
"1069","subCALEARN_134",0,78,"neg","block2"
"1070","subCALEARN_134",96,73,"pos","block2"
"1071","subCALEARN_134",0,70,"neg","block3"
"1072","subCALEARN_134",100,74,"pos","block3"
"1073","subCALEARN_135",34,31,"neg","block0"
"1074","subCALEARN_135",63,44,"pos","block0"
"1075","subCALEARN_135",29,70,"neg","block1"
"1076","subCALEARN_135",77,68,"pos","block1"
"1077","subCALEARN_135",32,23,"neg","block2"
"1078","subCALEARN_135",70,67,"pos","block2"
"1079","subCALEARN_135",34,83,"neg","block3"
"1080","subCALEARN_135",64,70,"pos","block3"
"1081","subCALEARN_136",0,100,"neg","block0"
"1082","subCALEARN_136",100,0,"pos","block0"
"1083","subCALEARN_136",100,0,"neg","block1"
"1084","subCALEARN_136",89,100,"pos","block1"
"1085","subCALEARN_136",0,61,"neg","block2"
"1086","subCALEARN_136",94,30,"pos","block2"
"1087","subCALEARN_136",0,0,"neg","block3"
"1088","subCALEARN_136",100,65,"pos","block3"
"1089","subCALEARN_137",52,23,"neg","block0"
"1090","subCALEARN_137",74,44,"pos","block0"
"1091","subCALEARN_137",42,11,"neg","block1"
"1092","subCALEARN_137",72,72,"pos","block1"
"1093","subCALEARN_137",41,24,"neg","block2"
"1094","subCALEARN_137",42,70,"pos","block2"
"1095","subCALEARN_137",15,17,"neg","block3"
"1096","subCALEARN_137",68,67,"pos","block3"
"1097","subCALEARN_138",0,94,"neg","block0"
"1098","subCALEARN_138",100,3,"pos","block0"
"1099","subCALEARN_138",100,0,"neg","block1"
"1100","subCALEARN_138",77,71,"pos","block1"
"1101","subCALEARN_138",0,92,"neg","block2"
"1102","subCALEARN_138",100,89,"pos","block2"
"1103","subCALEARN_138",0,0,"neg","block3"
"1104","subCALEARN_138",100,89,"pos","block3"
"1105","subCALEARN_139",0,100,"neg","block0"
"1106","subCALEARN_139",100,0,"pos","block0"
"1107","subCALEARN_139",100,21,"neg","block1"
"1108","subCALEARN_139",61,78,"pos","block1"
"1109","subCALEARN_139",0,38,"neg","block2"
"1110","subCALEARN_139",100,65,"pos","block2"
"1111","subCALEARN_139",0,28,"neg","block3"
"1112","subCALEARN_139",100,60,"pos","block3"
"1113","subCALEARN_140",15,59,"neg","block0"
"1114","subCALEARN_140",100,0,"pos","block0"
"1115","subCALEARN_140",100,0,"neg","block1"
"1116","subCALEARN_140",49,57,"pos","block1"
"1117","subCALEARN_140",0,14,"neg","block2"
"1118","subCALEARN_140",100,28,"pos","block2"
"1119","subCALEARN_140",0,27,"neg","block3"
"1120","subCALEARN_140",100,56,"pos","block3"
"1121","subCALEARN_141",23,22,"neg","block0"
"1122","subCALEARN_141",19,1,"pos","block0"
"1123","subCALEARN_141",15,23,"neg","block1"
"1124","subCALEARN_141",21,31,"pos","block1"
"1125","subCALEARN_141",73,73,"neg","block2"
"1126","subCALEARN_141",79,83,"pos","block2"
"1127","subCALEARN_141",18,23,"neg","block3"
"1128","subCALEARN_141",85,86,"pos","block3"
"1129","subCALEARN_142",0,100,"neg","block0"
"1130","subCALEARN_142",100,0,"pos","block0"
"1131","subCALEARN_142",100,0,"neg","block1"
"1132","subCALEARN_142",100,100,"pos","block1"
"1133","subCALEARN_142",0,100,"neg","block2"
"1134","subCALEARN_142",100,68,"pos","block2"
"1135","subCALEARN_142",0,0,"neg","block3"
"1136","subCALEARN_142",100,100,"pos","block3"
"1137","subCALEARN_143",27,91,"neg","block0"
"1138","subCALEARN_143",77,94,"pos","block0"
"1139","subCALEARN_143",1,25,"neg","block1"
"1140","subCALEARN_143",100,85,"pos","block1"
"1141","subCALEARN_143",3,18,"neg","block2"
"1142","subCALEARN_143",98,93,"pos","block2"
"1143","subCALEARN_143",12,14,"neg","block3"
"1144","subCALEARN_143",100,96,"pos","block3"
"1145","subCALEARN_144",80,97,"neg","block0"
"1146","subCALEARN_144",75,14,"pos","block0"
"1147","subCALEARN_144",21,21,"neg","block1"
"1148","subCALEARN_144",72,63,"pos","block1"
"1149","subCALEARN_144",18,3,"neg","block2"
"1150","subCALEARN_144",87,71,"pos","block2"
"1151","subCALEARN_144",15,15,"neg","block3"
"1152","subCALEARN_144",79,83,"pos","block3"
"1153","subCALEARN_145",66,23,"neg","block0"
"1154","subCALEARN_145",22,34,"pos","block0"
"1155","subCALEARN_145",25,41,"neg","block1"
"1156","subCALEARN_145",72,63,"pos","block1"
"1157","subCALEARN_145",10,22,"neg","block2"
"1158","subCALEARN_145",11,75,"pos","block2"
"1159","subCALEARN_145",0,0,"neg","block3"
"1160","subCALEARN_145",100,85,"pos","block3"
"1161","subCALEARN_146",1,98,"neg","block0"
"1162","subCALEARN_146",99,94,"pos","block0"
"1163","subCALEARN_146",6,4,"neg","block1"
"1164","subCALEARN_146",0,7,"pos","block1"
"1165","subCALEARN_146",1,1,"neg","block2"
"1166","subCALEARN_146",100,0,"pos","block2"
"1167","subCALEARN_146",0,2,"neg","block3"
"1168","subCALEARN_146",100,0,"pos","block3"
"1169","subCALEARN_147",28,29,"neg","block0"
"1170","subCALEARN_147",55,34,"pos","block0"
"1171","subCALEARN_147",25,58,"neg","block1"
"1172","subCALEARN_147",27,27,"pos","block1"
"1173","subCALEARN_147",90,33,"neg","block2"
"1174","subCALEARN_147",85,69,"pos","block2"
"1175","subCALEARN_147",20,57,"neg","block3"
"1176","subCALEARN_147",84,64,"pos","block3"
"1177","subCALEARN_148",0,0,"neg","block0"
"1178","subCALEARN_148",76,76,"pos","block0"
"1179","subCALEARN_148",0,0,"neg","block1"
"1180","subCALEARN_148",78,78,"pos","block1"
"1181","subCALEARN_148",47,61,"neg","block2"
"1182","subCALEARN_148",39,70,"pos","block2"
"1183","subCALEARN_148",73,64,"neg","block3"
"1184","subCALEARN_148",81,82,"pos","block3"
"1185","subCALEARN_149",0,0,"neg","block0"
"1186","subCALEARN_149",0,52,"pos","block0"
"1187","subCALEARN_149",88,11,"neg","block1"
"1188","subCALEARN_149",84,74,"pos","block1"
"1189","subCALEARN_149",22,13,"neg","block2"
"1190","subCALEARN_149",78,85,"pos","block2"
"1191","subCALEARN_149",18,12,"neg","block3"
"1192","subCALEARN_149",91,76,"pos","block3"
"1193","subCALEARN_150",0,32,"neg","block0"
"1194","subCALEARN_150",16,73,"pos","block0"
"1195","subCALEARN_150",17,39,"neg","block1"
"1196","subCALEARN_150",75,34,"pos","block1"
"1197","subCALEARN_150",9,37,"neg","block2"
"1198","subCALEARN_150",88,76,"pos","block2"
"1199","subCALEARN_150",21,31,"neg","block3"
"1200","subCALEARN_150",98,78,"pos","block3"
"1201","subCALEARN_151",57,21,"neg","block0"
"1202","subCALEARN_151",76,26,"pos","block0"
"1203","subCALEARN_151",62,33,"neg","block1"
"1204","subCALEARN_151",69,67,"pos","block1"
"1205","subCALEARN_151",59,42,"neg","block2"
"1206","subCALEARN_151",60,61,"pos","block2"
"1207","subCALEARN_151",62,59,"neg","block3"
"1208","subCALEARN_151",66,45,"pos","block3"
"1209","subCALEARN_152",64,42,"neg","block0"
"1210","subCALEARN_152",83,67,"pos","block0"
"1211","subCALEARN_152",60,64,"neg","block1"
"1212","subCALEARN_152",65,56,"pos","block1"
"1213","subCALEARN_152",38,60,"neg","block2"
"1214","subCALEARN_152",61,66,"pos","block2"
"1215","subCALEARN_152",39,44,"neg","block3"
"1216","subCALEARN_152",69,51,"pos","block3"
"1217","subCALEARN_153",0,0,"neg","block0"
"1218","subCALEARN_153",67,38,"pos","block0"
"1219","subCALEARN_153",92,12,"neg","block1"
"1220","subCALEARN_153",92,81,"pos","block1"
"1221","subCALEARN_153",0,94,"neg","block2"
"1222","subCALEARN_153",100,100,"pos","block2"
"1223","subCALEARN_153",0,100,"neg","block3"
"1224","subCALEARN_153",100,91,"pos","block3"
"1225","subCALEARN_154",0,100,"neg","block0"
"1226","subCALEARN_154",100,0,"pos","block0"
"1227","subCALEARN_154",96,0,"neg","block1"
"1228","subCALEARN_154",100,100,"pos","block1"
"1229","subCALEARN_154",0,100,"neg","block2"
"1230","subCALEARN_154",100,100,"pos","block2"
"1231","subCALEARN_154",0,0,"neg","block3"
"1232","subCALEARN_154",100,100,"pos","block3"
"1233","subCALEARN_155",39,22,"neg","block0"
"1234","subCALEARN_155",80,11,"pos","block0"
"1235","subCALEARN_155",70,9,"neg","block1"
"1236","subCALEARN_155",54,12,"pos","block1"
"1237","subCALEARN_155",70,2,"neg","block2"
"1238","subCALEARN_155",25,76,"pos","block2"
"1239","subCALEARN_155",22,2,"neg","block3"
"1240","subCALEARN_155",85,90,"pos","block3"
"1241","subCALEARN_156",69,28,"neg","block0"
"1242","subCALEARN_156",71,31,"pos","block0"
"1243","subCALEARN_156",78,22,"neg","block1"
"1244","subCALEARN_156",78,25,"pos","block1"
"1245","subCALEARN_156",31,30,"neg","block2"
"1246","subCALEARN_156",74,50,"pos","block2"
"1247","subCALEARN_156",29,30,"neg","block3"
"1248","subCALEARN_156",78,67,"pos","block3"
"1249","subCALEARN_157",26,84,"neg","block0"
"1250","subCALEARN_157",94,65,"pos","block0"
"1251","subCALEARN_157",84,63,"neg","block1"
"1252","subCALEARN_157",94,94,"pos","block1"
"1253","subCALEARN_157",34,62,"neg","block2"
"1254","subCALEARN_157",72,56,"pos","block2"
"1255","subCALEARN_157",72,64,"neg","block3"
"1256","subCALEARN_157",29,62,"pos","block3"
"1257","subCALEARN_158",0,100,"neg","block0"
"1258","subCALEARN_158",100,0,"pos","block0"
"1259","subCALEARN_158",100,0,"neg","block1"
"1260","subCALEARN_158",49,100,"pos","block1"
"1261","subCALEARN_158",0,100,"neg","block2"
"1262","subCALEARN_158",100,100,"pos","block2"
"1263","subCALEARN_158",0,0,"neg","block3"
"1264","subCALEARN_158",100,100,"pos","block3"
"1265","subCALEARN_159",64,6,"neg","block0"
"1266","subCALEARN_159",8,8,"pos","block0"
"1267","subCALEARN_159",42,41,"neg","block1"
"1268","subCALEARN_159",93,58,"pos","block1"
"1269","subCALEARN_159",27,40,"neg","block2"
"1270","subCALEARN_159",58,54,"pos","block2"
"1271","subCALEARN_159",41,33,"neg","block3"
"1272","subCALEARN_159",58,70,"pos","block3"
"1273","subCALEARN_160",32,20,"neg","block0"
"1274","subCALEARN_160",69,29,"pos","block0"
"1275","subCALEARN_160",45,67,"neg","block1"
"1276","subCALEARN_160",68,44,"pos","block1"
"1277","subCALEARN_160",0,96,"neg","block2"
"1278","subCALEARN_160",97,0,"pos","block2"
"1279","subCALEARN_160",0,100,"neg","block3"
"1280","subCALEARN_160",89,2,"pos","block3"
"1281","subCALEARN_161",71,40,"neg","block0"
"1282","subCALEARN_161",72,33,"pos","block0"
"1283","subCALEARN_161",30,69,"neg","block1"
"1284","subCALEARN_161",76,28,"pos","block1"
"1285","subCALEARN_161",0,100,"neg","block2"
"1286","subCALEARN_161",100,0,"pos","block2"
"1287","subCALEARN_161",0,100,"neg","block3"
"1288","subCALEARN_161",100,0,"pos","block3"
"1289","subCALEARN_162",57,62,"neg","block0"
"1290","subCALEARN_162",0,2,"pos","block0"
"1291","subCALEARN_162",100,0,"neg","block1"
"1292","subCALEARN_162",100,71,"pos","block1"
"1293","subCALEARN_162",0,35,"neg","block2"
"1294","subCALEARN_162",100,73,"pos","block2"
"1295","subCALEARN_162",0,0,"neg","block3"
"1296","subCALEARN_162",100,100,"pos","block3"
"1297","subCALEARN_163",0,93,"neg","block0"
"1298","subCALEARN_163",100,24,"pos","block0"
"1299","subCALEARN_163",85,12,"neg","block1"
"1300","subCALEARN_163",87,83,"pos","block1"
"1301","subCALEARN_163",6,89,"neg","block2"
"1302","subCALEARN_163",93,92,"pos","block2"
"1303","subCALEARN_163",0,0,"neg","block3"
"1304","subCALEARN_163",98,100,"pos","block3"
"1305","subCALEARN_164",3,97,"neg","block0"
"1306","subCALEARN_164",100,0,"pos","block0"
"1307","subCALEARN_164",99,53,"neg","block1"
"1308","subCALEARN_164",100,77,"pos","block1"
"1309","subCALEARN_164",7,70,"neg","block2"
"1310","subCALEARN_164",94,80,"pos","block2"
"1311","subCALEARN_164",1,25,"neg","block3"
"1312","subCALEARN_164",97,72,"pos","block3"
